category,subcategory,search_string
Home Entertainment,Televisions,Televisions TV
Home Appliances,Washing Machines,Washing Machines WM
Kitchen Appliances,Air Conditioners,Air Conditioners AC inverter non-inverter
Mobiles & Accessories,Refrigerators,Refrigerators
Wearable Smart Devices,Microwave Ovens,Microwave Ovens MWO Convection Grill Solo
Computer Components,Mixer Juicer Grinder,Mixer Juicer Grinder MJG
Computers,Oven Toaster Grills,Oven Toaster Grills OTG
HDD,Chimney,Chimney
Cameras,Food Processors,Food Processors
Network Components,Fans,Fans Ceiling Fan Table Fan Pedestal Fan Wall Fan Exhaust Fan
Home,Water purifiers,Water purifiers RO UV UF RO+UV UF+UV
Toy Vehicles,Vacuum Cleaners,Vacuum Cleaners
Toys and Games,Sewing Machines,Sewing Machines
Action Toys,Voltage Stabilizers,Voltage Stabilizers
Indoor Games,Water Geysers,Water Geysers SGB VGB
Remote Control Toys,Mobiles,Mobiles
Straws,Smart Bands,Smart Bands
Pump,Monitors,Monitors IPS VA TN LED LCD
Balloons & Decoration,Laptops,Laptops
Bubble Makers,Tablets,Tablets
Balloons,External HDD,External HDD HDD
Accessories,Sports & Action,Sports & Action
nan,DSLR & Mirrorless,DSLR & Mirrorless DSLR APS-C Full Frame EF E
Hats,Routers,Routers Wi-Fi WPS WPA WEP
Party Glow Ornaments,Footwear,Footwear
School Supplies,Remote Control Toys,Remote Control Toys RC
Diaper & Potty Training,Toys and Games,Toys and Games
Baby Care,Soft Toys,Soft Toys
Pregnancy Pillows,Action Figures,Action Figures
Nursing Breast Pad,Dolls & Doll Houses,Dolls & Doll Houses
Nursing & Breast Feeding,Musical Toys,Musical Toys
Baby Food,Board Games,Board Games
Baby Feeding Bottle & Accessories,Puzzles and Cubes,Puzzles and Cubes 3D 2D
Baby Pain Relief,Remote Control Aeroplane and Helicopters,Remote Control Aeroplane and Helicopters RC RCBS RC TX
Body Pain Relief,Antil's Straws,Antil's Straws
Cotton Buds,YSK Straws,YSK Straws
Baby Proofing & Safety,Jeevan jyoti agency Pump,Jeevan jyoti agency Pump
Baby Cleaners & Detergents,Vadhavan Straws,Vadhavan Straws
Dolls,Climberty Balloons & Decoration,Climberty Balloons & Decoration
Dolls Playsets,dynamicglancy Bubble Makers,dynamicglancy Bubble Makers
Doll House Set,PARTY MIDLINKERZ Balloons,PARTY MIDLINKERZ Balloons
School Bags,SOI Balloons,SOI Balloons
Mini Drones,PARTY BREEZE Balloons,PARTY BREEZE Balloons
Wrist Watches,Twisty The Boba Station Straws,Twisty The Boba Station Straws
Casual Shoes,Verilux Straws,Verilux Straws
Cartoon Characters Soft Toys,Gambit Straws,Gambit Straws
Sandals,Rusabl Straws,Rusabl Straws
Coin Banks,PROVERVE Sports Accessories,PROVERVE Sports Accessories
Kids' T-shirts,Fun Affairs Balloons,Fun Affairs Balloons
Kids' Tops,BGT Accessories,BGT Accessories
Soft Toys,ZeroLuxury Accessories,ZeroLuxury Accessories
Luggage Covers,HASTHIP Hats,HASTHIP Hats
Outdoor Toys,frilt Balloons & Decoration,frilt Balloons & Decoration
Gym Bag,BUC Balloons,BUC Balloons
Kitchen Set,Samanth Creations Balloons & Decoration,Samanth Creations Balloons & Decoration
Pillows,ZITRONIX Party Glow Ornaments,ZITRONIX Party Glow Ornaments
Lunch Boxes,Battle Toys,Battle Toys
Sunglasses,School Bags,School Bags
Push Rideons,School Sets,School Sets
Kids Scooters,"Kitchen, Cookware & Serveware","Kitchen, Cookware & Serveware"
Tricycles,Baby Care,Baby Care
Kids' Track Pants,Potty Seats,Potty Seats
Kids' Apparel Combos,Baby Wipes,Baby Wipes
Kids' Shorts,Baby Diapers,Baby Diapers
Building and Blocks Toys,Baby Bathing Accessories,Baby Bathing Accessories
Baby Laundry Detergents,Areoveda Diaper & Potty Training,Areoveda Diaper & Potty Training
Baby Mosquito & Insect Repellant,KESHAVE PHARMA Pregnancy Pillows,KESHAVE PHARMA Pregnancy Pillows
Baby Wipes,LuvLap Nursing Breast Pad,LuvLap Nursing Breast Pad
Tongue Cleaner,1st Step Nursing Breast Pad,1st Step Nursing Breast Pad
"Baby Bath, Hair & Skin Care Combo",Femzy Nursing Breast Pad,Femzy Nursing Breast Pad
Baby Diapers,Verdure Nursing & Breast Feeding,Verdure Nursing & Breast Feeding
Baby Proofing,saloni Nursing Breast Pad,saloni Nursing Breast Pad
Nappy & Bibs Combo,Stakipo Nursing Breast Pad,Stakipo Nursing Breast Pad
Breast Nipple Shields,Fruvanta Nursing Breast Pad,Fruvanta Nursing Breast Pad
Baby Bed Protector,KIYANSH ENTERPRISE Nursing & Breast Feeding,KIYANSH ENTERPRISE Nursing & Breast Feeding
Baby Feeding Utensils & Accessories,Ecommercehub Nursing Breast Pad,Ecommercehub Nursing Breast Pad
Baby Bibs & Hankies,WILD MINT Pregnancy Pillows,WILD MINT Pregnancy Pillows
Baby Mats,KRISHVIA Nursing Breast Pad,KRISHVIA Nursing Breast Pad
Baby Bath Towel,CIBZ Nursing Breast Pad,CIBZ Nursing Breast Pad
Nappy,MYLO Nursing Breast Pad,MYLO Nursing Breast Pad
Baby Strollers & Prams,Msk Fashion Nursing Breast Pad,Msk Fashion Nursing Breast Pad
Men's Footwear,Cherilo Nursing Breast Pad,Cherilo Nursing Breast Pad
Deodorants,Philips Avent Nursing Breast Pad,Philips Avent Nursing Breast Pad
Beauty and Grooming,Swag Enterprises Nursing Breast Pad,Swag Enterprises Nursing Breast Pad
T-shirts,AHC Nursing Breast Pad,AHC Nursing Breast Pad
Men's Shirts,Baby Cereal,Baby Cereal
Jeans,Baby Feeding Bottles,Baby Feeding Bottles
Trousers,Baby Feeding Utensils & Accessories,Baby Feeding Utensils & Accessories
Cargos,Baby Bedding,Baby Bedding
Track Pants,BabyOrgano Baby Pain Relief,BabyOrgano Baby Pain Relief
Shorts,ACTIWOW Baby Pain Relief,ACTIWOW Baby Pain Relief
Three-Fourths,o'mumsie Baby Pain Relief,o'mumsie Baby Pain Relief
Clothing and Accessories,Hiran Body Pain Relief,Hiran Body Pain Relief
Socks,ACTIWOW Body Pain Relief,ACTIWOW Body Pain Relief
Shirt and Trouser Fabrics,Sauran Cotton Buds,Sauran Cotton Buds
Sweaters and Cardigans,AYYIASHI Body Pain Relief,AYYIASHI Body Pain Relief
Jackets,Ankerite Body Pain Relief,Ankerite Body Pain Relief
Sweatshirts,BEUTISKY Baby Pain Relief,BEUTISKY Baby Pain Relief
Tracksuits,AVENIC Baby Pain Relief,AVENIC Baby Pain Relief
Sherwanis,LoxFlam Body Pain Relief,LoxFlam Body Pain Relief
Kurtas,Twin Swan Body Pain Relief,Twin Swan Body Pain Relief
Ethnic Sets,ASVS Body Pain Relief,ASVS Body Pain Relief
Ethnic Pyjamas,Aktivemusli Body Pain Relief,Aktivemusli Body Pain Relief
Lungis,I Twin Swan Body Pain Relief,I Twin Swan Body Pain Relief
"Kurtas, Ethnic Sets and Bottoms",Unjha Body Pain Relief,Unjha Body Pain Relief
Vests,Baby Gear,Baby Gear
Pyjamas and Lounge Pants,Baby Proofing,Baby Proofing
Boxers,Baby Laundry Detergents,Baby Laundry Detergents
Briefs and Trunks,BARBIE Baby Care,BARBIE Baby Care
Thermals,BARBIE Dolls,BARBIE Dolls
Night Suits,BARBIE Dolls Playsets,BARBIE Dolls Playsets
Raincoats,BARBIE Doll House Set,BARBIE Doll House Set
Watches,BARBIE School Bags,BARBIE School Bags
"Bags, Wallets & Belts",Barbie Mini Drones,Barbie Mini Drones
Jewellery,DISNEY Wrist Watches,DISNEY Wrist Watches
Eyewear,DISNEY School Bags,DISNEY School Bags
Knee Support,DISNEY Casual Shoes,DISNEY Casual Shoes
Men's Vests,DISNEY Cartoon Characters Soft Toys,DISNEY Cartoon Characters Soft Toys
Men Sandals & Floaters,DISNEY Sandals,DISNEY Sandals
Men's Shorts,DISNEY Coin Banks,DISNEY Coin Banks
Medical Supports and Braces,DISNEY Kids' T-shirts,DISNEY Kids' T-shirts
Men Sports Shoes,DISNEY Kids' Tops,DISNEY Kids' Tops
Personal Care Appliances,DISNEY Soft Toys,DISNEY Soft Toys
Grooming Kit,Disney Travel Pouches,Disney Travel Pouches
Men Casual Shoes,DISNEY Luggage Covers,DISNEY Luggage Covers
Men Slippers & Flip Flops,DISNEY Outdoor Toys,DISNEY Outdoor Toys
Men's T-shirts,DISNEY Gym Bag,DISNEY Gym Bag
Men's Track Pants,DISNEY Kitchen Set,DISNEY Kitchen Set
Backpacks,DISNEY Pillows,DISNEY Pillows
Deodorant Spray,DISNEY Lunch Boxes,DISNEY Lunch Boxes
Hair Oil,DISNEY Sunglasses,DISNEY Sunglasses
Beard Oil,Miss & Chief Push Rideons,Miss & Chief Push Rideons
Face Wash,Miss & Chief Kids Scooters,Miss & Chief Kids Scooters
Bath Combos and Kit,DISNEY BY MISS & CHIEF Kids' T-shirts,DISNEY BY MISS & CHIEF Kids' T-shirts
Moisturizer,Justice League By Miss & Chief Kids' T-shirts,Justice League By Miss & Chief Kids' T-shirts
Body Wash,Miss & Chief Tricycles,Miss & Chief Tricycles
Eau De Parfum,Justice League By Miss & Chief Kids' Track Pants,Justice League By Miss & Chief Kids' Track Pants
Men's Grooming Combo Kit,DISNEY BY MISS & CHIEF Kids' Track Pants,DISNEY BY MISS & CHIEF Kids' Track Pants
Hair Brush,DISNEY BY MISS & CHIEF Kids' Apparel Combos,DISNEY BY MISS & CHIEF Kids' Apparel Combos
Baby Hair Oils,DISNEY BY MISS & CHIEF Kids' Shorts,DISNEY BY MISS & CHIEF Kids' Shorts
Face Cream and Gel,LEGO Building and Blocks Toys,LEGO Building and Blocks Toys
Face Pack,LuvLap Baby Laundry Detergents,LuvLap Baby Laundry Detergents
Talcum Powder,LuvLap Baby Mosquito & Insect Repellant,LuvLap Baby Mosquito & Insect Repellant
Skin Care Combo,LuvLap Baby Wipes,LuvLap Baby Wipes
Perfume,LuvLap Tongue Cleaner,LuvLap Tongue Cleaner
Bath Brush,"LuvLap Baby Bath, Hair & Skin Care Combo","LuvLap Baby Bath, Hair & Skin Care Combo"
Hair Wax,LuvLap Baby Diapers,LuvLap Baby Diapers
Loofah,LuvLap Baby Proofing,LuvLap Baby Proofing
Deodorant Roll-ons,LuvLap Nappy & Bibs Combo,LuvLap Nappy & Bibs Combo
Scrub,LuvLap Breast Nipple Shields,LuvLap Breast Nipple Shields
Shaving Razors,LuvLap Baby Bed Protector,LuvLap Baby Bed Protector
Trimmers,LuvLap Baby Feeding Utensils & Accessories,LuvLap Baby Feeding Utensils & Accessories
Hair Styling,LuvLap Baby Bibs & Hankies,LuvLap Baby Bibs & Hankies
"Head, Neck & Shoulder Support",LuvLap Baby Mats,LuvLap Baby Mats
Cricket Balls,LuvLap Baby Bath Towel,LuvLap Baby Bath Towel
Supports,LuvLap Nappy,LuvLap Nappy
Women's Sports Shoes,LuvLap Baby Strollers & Prams,LuvLap Baby Strollers & Prams
Men's Caps,LuvLap Nursing & Breast Feeding,LuvLap Nursing & Breast Feeding
Men's Sweatshirts,Men Casual Shoes,Men Casual Shoes
Sports Shoes,Men Sports Shoes,Men Sports Shoes
Women's Footwear,Men Sandals & Floaters,Men Sandals & Floaters
Women's Slippers & Flip Flops,Men Slippers & Flip Flops,Men Slippers & Flip Flops
Pouches and Potlis,Men Formal Shoes,Men Formal Shoes
Kids' Trousers,Beauty and Grooming,Beauty and Grooming
Duffel Bags,Deodorant Spray,Deodorant Spray
Eau De Toilette,Shaving & Beard Care,Shaving & Beard Care
Resistance Tubes,Health Care,Health Care
Women's Casual Shoes,Men's T-shirts,Men's T-shirts
Men's and Women's Socks,Formal Shirts,Formal Shirts
Dresses,Men's Jeans,Men's Jeans
Tops,Casual Shirts,Casual Shirts
Skirts,Men's Trousers,Men's Trousers
Capris,Men's Cargos,Men's Cargos
Panties,Men's Track Pants,Men's Track Pants
Innerwear and Swimwear,Men's Shorts,Men's Shorts
Night Dresses and Nighties,Men's Three-Fourths,Men's Three-Fourths
Lingerie Sets and Accessories,"Blazers, Waistcoats and Suits","Blazers, Waistcoats and Suits"
Swimsuits,Men's and Women's Socks,Men's and Women's Socks
Camisoles and Slips,Men's Shirt and Trouser Fabrics,Men's Shirt and Trouser Fabrics
Sarees and Saree Essentials,Men's Sweaters,Men's Sweaters
Gowns,Men's Jackets,Men's Jackets
Clothing Accessories,Men's Sweatshirts,Men's Sweatshirts
Leggings and Churidars,Men's Tracksuits,Men's Tracksuits
Bottomwear,Men's Sherwanis,Men's Sherwanis
Footwear,Men's Kurtas,Men's Kurtas
Health & Personal Care Appliances,Men's Ethnic Sets,Men's Ethnic Sets
Hair Care and Accessory,Men's Ethnic Pyjamas,Men's Ethnic Pyjamas
Body & Face Skin Care,Men's Lungis,Men's Lungis
Coins & Bars,Dhotis,Dhotis
Co-ords,Men's Vests,Men's Vests
Women's Kurtas,Men's Pyjamas and Lounge Pants,Men's Pyjamas and Lounge Pants
Handbags & Clutches,Men's Boxers,Men's Boxers
Wallets & Clutches,Men's Briefs and Trunks,Men's Briefs and Trunks
Women's Leggings and Churidars,Men's Thermals,Men's Thermals
Women's Skirts,Men's Night Suits,Men's Night Suits
Sling Bags,Men and Women Raincoats,Men and Women Raincoats
Men's Jeans,Wrist Watches,Wrist Watches
Casual Shirts,GUESS Wrist Watches,GUESS Wrist Watches
Wallets,FOSSIL Wrist Watches,FOSSIL Wrist Watches
Handbags,Bags & Backpacks,Bags & Backpacks
Backpack Handbags,Sunglasses,Sunglasses
Clutches & Wallets,Belts,Belts
Necklaces,"Bags, Wallets & Belts","Bags, Wallets & Belts"
True Wireless,Luggage & Travel,Luggage & Travel
Smart Watches,Artificial Jewellery,Artificial Jewellery
Women's Flats,Frames,Frames
Women's Ethnic Sets,Risen style Gym Bag,Risen style Gym Bag
Women's Lehenga Cholis,trendy store Knee Support,trendy store Knee Support
Chains,subba store Men's Vests,subba store Men's Vests
Women's Sarees,DOCTOR EXTRA SOFT Men Sandals & Floaters,DOCTOR EXTRA SOFT Men Sandals & Floaters
Women's Tops,RISHAB OSWAL Men's Vests,RISHAB OSWAL Men's Vests
Women's Dresses,EnStore Men's Shorts,EnStore Men's Shorts
Hair Treatment,UNDERLOOP Men's Shorts,UNDERLOOP Men's Shorts
Hair Color,trendy store Medical Supports and Braces,trendy store Medical Supports and Braces
Sarees,AAR STORE SALE Men's Vests,AAR STORE SALE Men's Vests
Sports,My Walk Men Sports Shoes,My Walk Men Sports Shoes
Cricket,DOCTOR EXTRA SOFT Men Sports Shoes,DOCTOR EXTRA SOFT Men Sports Shoes
Cycling,Smart Watches,Smart Watches
Exercise & Fitness,Trimmers,Trimmers
Fitness Accessories,Shavers,Shavers
Fitness Equipment,Winston Grooming Kit,Winston Grooming Kit
 Food Products,SKMEI Grooming Kit,SKMEI Grooming Kit
Yoga,FINARO Grooming Kit,FINARO Grooming Kit
Food Products,ORTIZA Grooming Kit,ORTIZA Grooming Kit
Sweets and Mixes,AGARO Grooming Kit,AGARO Grooming Kit
 Beauty and Grooming,Profiline Grooming Kit,Profiline Grooming Kit
Health Care,PHILIPS Grooming Kit,PHILIPS Grooming Kit
Health Supplements,NOYMI Grooming Kit,NOYMI Grooming Kit
Books,BestClipper Grooming Kit,BestClipper Grooming Kit
Pens & Stationery,Arrom Grooming Kit,Arrom Grooming Kit
Office Supplies,uniexclusive Grooming Kit,uniexclusive Grooming Kit
Automotive Accessories,DZX-RE Grooming Kit,DZX-RE Grooming Kit
Vehicle Stereo and Music System,Groomic Grooming Kit,Groomic Grooming Kit
Vehicle Mobile Accessories,SDGM Grooming Kit,SDGM Grooming Kit
Industrial & Scientific Supplies,Sweetpea Grooming Kit,Sweetpea Grooming Kit
Packaging & Shipping Products,HTTCC Grooming Kit,HTTCC Grooming Kit
Gaming,Daily Needs Shop Grooming Kit,Daily Needs Shop Grooming Kit
"Kitchen, Cookware & Serveware",Make Ur Wish Grooming Kit,Make Ur Wish Grooming Kit
Gas Stove & Accessories,Zeus Volt Grooming Kit,Zeus Volt Grooming Kit
Cookware,HavenFlix Grooming Kit,HavenFlix Grooming Kit
Tableware & Dinnerware,NIKAI Grooming Kit,NIKAI Grooming Kit
Kitchen Storage & Containers,Zeno volt Grooming Kit,Zeno volt Grooming Kit
Furniture,Painless Grooming Kit,Painless Grooming Kit
Wardrobes & More,MNS-OS Grooming Kit,MNS-OS Grooming Kit
TV Units & Cabinets,Mumuxu Grooming Kit,Mumuxu Grooming Kit
Sofa Beds & More,SIMBS Grooming Kit,SIMBS Grooming Kit
Tables,ADIDAS Men Sports Shoes,ADIDAS Men Sports Shoes
Bean Bags,ADIDAS Men Casual Shoes,ADIDAS Men Casual Shoes
Bed Linen & Blankets,ADIDAS Men Slippers & Flip Flops,ADIDAS Men Slippers & Flip Flops
Curtains & Accessories,ADIDAS Men's T-shirts,ADIDAS Men's T-shirts
Home Furnishing,ADIDAS Men's Track Pants,ADIDAS Men's Track Pants
Bath Linen,ADIDAS Backpacks,ADIDAS Backpacks
Paintings & Posters,ADIDAS Men Sandals & Floaters,ADIDAS Men Sandals & Floaters
Home Decor,ADIDAS Deodorant Spray,ADIDAS Deodorant Spray
Stickers & Wallpapers,BEARDO Hair Oil,BEARDO Hair Oil
Wall Decor Items,BEARDO Beard Oil,BEARDO Beard Oil
Showpieces & Decor Accents,BEARDO Face Wash,BEARDO Face Wash
Home Lighting,BEARDO Bath Combos and Kit,BEARDO Bath Combos and Kit
Decor lighting & Accessories,BEARDO Moisturizer,BEARDO Moisturizer
Automation & Robotics,BEARDO Body Wash,BEARDO Body Wash
Home Improvement,BEARDO Eau De Parfum,BEARDO Eau De Parfum
Home Utilities and Organizers,BEARDO Men's Grooming Combo Kit,BEARDO Men's Grooming Combo Kit
Building Materials and Supplies,BEARDO Hair Brush,BEARDO Hair Brush
Pet Supplies,BEARDO Baby Hair Oils,BEARDO Baby Hair Oils
nan,BEARDO Face Cream and Gel,BEARDO Face Cream and Gel
nan,BEARDO Face Pack,BEARDO Face Pack
nan,BEARDO Talcum Powder,BEARDO Talcum Powder
nan,BEARDO Skin Care Combo,BEARDO Skin Care Combo
nan,BEARDO Perfume,BEARDO Perfume
nan,Beardo Bath Brush,Beardo Bath Brush
nan,BEARDO Hair Wax,BEARDO Hair Wax
nan,Beardo Loofah,Beardo Loofah
nan,BEARDO Deodorant Roll-ons,BEARDO Deodorant Roll-ons
nan,BEARDO Scrub,BEARDO Scrub
nan,BEARDO Deodorant Spray,BEARDO Deodorant Spray
nan,Beardo Shaving Razors,Beardo Shaving Razors
nan,BEARDO Trimmers,BEARDO Trimmers
nan,BEARDO Hair Styling,BEARDO Hair Styling
nan,REEBOK Men Casual Shoes,REEBOK Men Casual Shoes
nan,REEBOK Men Sports Shoes,REEBOK Men Sports Shoes
nan,REEBOK Men Slippers & Flip Flops,REEBOK Men Slippers & Flip Flops
nan,REEBOK Men's T-shirts,REEBOK Men's T-shirts
nan,"REEBOK Head, Neck & Shoulder Support","REEBOK Head, Neck & Shoulder Support"
nan,REEBOK Cricket Balls,REEBOK Cricket Balls
nan,REEBOK Supports,REEBOK Supports
nan,REEBOK Women's Sports Shoes,REEBOK Women's Sports Shoes
nan,REEBOK Men's Caps,REEBOK Men's Caps
nan,REEBOK Men's Sweatshirts,REEBOK Men's Sweatshirts
nan,Skechers Sports Shoes,Skechers Sports Shoes
nan,Skechers Women's Footwear,Skechers Women's Footwear
nan,Skechers Men Casual Shoes,Skechers Men Casual Shoes
nan,Skechers Women's Slippers & Flip Flops,Skechers Women's Slippers & Flip Flops
nan,Skechers Men Sports Shoes,Skechers Men Sports Shoes
nan,Skechers Men Slippers & Flip Flops,Skechers Men Slippers & Flip Flops
nan,Skechers Women's Sports Shoes,Skechers Women's Sports Shoes
nan,NIKE Deodorant Spray,NIKE Deodorant Spray
nan,NIKE Pouches and Potlis,NIKE Pouches and Potlis
nan,NIKE Men's Sweatshirts,NIKE Men's Sweatshirts
nan,NIKE Kids' Trousers,NIKE Kids' Trousers
nan,NIKE Men Slippers & Flip Flops,NIKE Men Slippers & Flip Flops
nan,NIKE Men Sports Shoes,NIKE Men Sports Shoes
nan,NIKE Duffel Bags,NIKE Duffel Bags
nan,NIKE Casual Shoes,NIKE Casual Shoes
nan,NIKE Eau De Toilette,NIKE Eau De Toilette
nan,NIKE Backpacks,NIKE Backpacks
nan,NIKE Men Casual Shoes,NIKE Men Casual Shoes
nan,NIKE Resistance Tubes,NIKE Resistance Tubes
nan,NIKE Women's Casual Shoes,NIKE Women's Casual Shoes
nan,NIKE Men's and Women's Socks,NIKE Men's and Women's Socks
nan,Women's Shorts,Women's Shorts
nan,Women's Dresses,Women's Dresses
nan,Women's Tops,Women's Tops
nan,Women's Jeans,Women's Jeans
nan,Clothing and Accessories,Clothing and Accessories
nan,Bottomwear,Bottomwear
nan,Women's Skirts,Women's Skirts
nan,Women's Capris,Women's Capris
nan,Women's Panties,Women's Panties
nan,Bras,Bras
nan,Women's Night Dresses and Nighties,Women's Night Dresses and Nighties
nan,Shapewears,Shapewears
nan,Lingerie Sets,Lingerie Sets
nan,Women's Swimsuits,Women's Swimsuits
nan,Dresses and Gowns,Dresses and Gowns
nan,Women's Camisoles and Slips,Women's Camisoles and Slips
nan,Sarees,Sarees
nan,"Kurtas, Ethnic Sets and Bottoms","Kurtas, Ethnic Sets and Bottoms"
nan,Fabrics,Fabrics
nan,Women's Kurtas,Women's Kurtas
nan,Lehenga Cholis,Lehenga Cholis
nan,Women's Gowns,Women's Gowns
nan,Blouses,Blouses
nan,Women's Ethnic Sets,Women's Ethnic Sets
nan,Dupattas,Dupattas
nan,Palazzos,Palazzos
nan,Women's Leggings and Churidars,Women's Leggings and Churidars
nan,Harem Pants,Harem Pants
nan,Trousers,Trousers
nan,Women's Footwear,Women's Footwear
nan,Women's Flats,Women's Flats
nan,Women's Heels,Women's Heels
nan,Women's Wedges,Women's Wedges
nan,Women's Sports Shoes,Women's Sports Shoes
nan,Women's Casual Shoes,Women's Casual Shoes
nan,Women's Slippers & Flip Flops,Women's Slippers & Flip Flops
nan,Personal Care Appliances,Personal Care Appliances
nan,Epilators,Epilators
nan,Hair Dryers,Hair Dryers
nan,Makeup,Makeup
nan,Hair Care,Hair Care
nan,Body and Face Care,Body and Face Care SPF UV AHA BHA N/A
nan,Jewellery,Jewellery
nan,Precious Jewellery,Precious Jewellery
nan,Bangalore Refinery Coins & Bars,Bangalore Refinery Coins & Bars
nan,MMTC-PAMP India Pvt Ltd Coins & Bars,MMTC-PAMP India Pvt Ltd Coins & Bars
nan,Aspect Bullion & Refinery Coins & Bars,Aspect Bullion & Refinery Coins & Bars
nan,SILVIYA Coins & Bars,SILVIYA Coins & Bars
nan,Joyalukkas Coins & Bars,Joyalukkas Coins & Bars
nan,BHIMA Coins & Bars,BHIMA Coins & Bars
nan,Guarantee Ornament House Coins & Bars,Guarantee Ornament House Coins & Bars
nan,MAA SILVER Coins & Bars,MAA SILVER Coins & Bars
nan,WOMEN  PLUS Co-ords,WOMEN  PLUS Co-ords
nan,Women Plus Women's Kurtas,Women Plus Women's Kurtas
nan,Handbags & Clutches,Handbags & Clutches
nan,Shoulder Bags,Shoulder Bags
nan,Totes,Totes
nan,Sling Bags,Sling Bags
nan,Clutches,Clutches
nan,FOREVER 21 Women's Leggings and Churidars,FOREVER 21 Women's Leggings and Churidars
nan,FOREVER 21 Men's Shorts,FOREVER 21 Men's Shorts
nan,FOREVER 21 Women's Skirts,FOREVER 21 Women's Skirts
nan,FOREVER 21 Men's T-shirts,FOREVER 21 Men's T-shirts
nan,FOREVER 21 Sling Bags,FOREVER 21 Sling Bags
nan,FOREVER 21 Men's Jeans,FOREVER 21 Men's Jeans
nan,FOREVER 21 Casual Shirts,FOREVER 21 Casual Shirts
nan,ACCESSORIZE LONDON Sling Bags,ACCESSORIZE LONDON Sling Bags
nan,ACCESSORIZE LONDON Wallets,ACCESSORIZE LONDON Wallets
nan,ACCESSORIZE LONDON Handbags,ACCESSORIZE LONDON Handbags
nan,ACCESSORIZE LONDON Backpack Handbags,ACCESSORIZE LONDON Backpack Handbags
nan,ACCESSORIZE LONDON Sunglasses,ACCESSORIZE LONDON Sunglasses
nan,ACCESSORIZE LONDON Clutches & Wallets,ACCESSORIZE LONDON Clutches & Wallets
nan,ACCESSORIZE LONDON Necklaces,ACCESSORIZE LONDON Necklaces
nan,Fastrack Sunglasses,Fastrack Sunglasses
nan,Fastrack Wrist Watches,Fastrack Wrist Watches
nan,Fastrack True Wireless,Fastrack True Wireless TWS BT ANC ENC
nan,Fastrack Eau De Parfum,Fastrack Eau De Parfum
nan,Fastrack Smart Watches,Fastrack Smart Watches
nan,Divastri Women's Flats,Divastri Women's Flats
nan,Divastri Women's Ethnic Sets,Divastri Women's Ethnic Sets
nan,Divastri Women's Lehenga Cholis,Divastri Women's Lehenga Cholis
nan,Divastri Chains,Divastri Chains
nan,Divastri Women's Footwear,Divastri Women's Footwear
nan,Divastri Women's Sarees,Divastri Women's Sarees
nan,Rare Roots Women's Tops,Rare Roots Women's Tops
nan,Rare Roots Women's Dresses,Rare Roots Women's Dresses
nan,Rare Roots Women's Skirts,Rare Roots Women's Skirts
nan,Rare Roots Women's Kurtas,Rare Roots Women's Kurtas
nan,SESA Hair Treatment,SESA Hair Treatment
nan,aadikesh Hair Oil,aadikesh Hair Oil
nan,Adivasi Baby Hair Oils,Adivasi Baby Hair Oils
nan,Adivasi Hair Oil,Adivasi Hair Oil
nan,ashpveda Hair Color,ashpveda Hair Color
nan,SESA Hair Oil,SESA Hair Oil
nan,Arsh Organics Hair Oil,Arsh Organics Hair Oil
nan,TRU HAIR & SKIN Hair Oil,TRU HAIR & SKIN Hair Oil
nan,TRU HAIR Hair Oil,TRU HAIR Hair Oil
nan,Anmi Women's Kurtas,Anmi Women's Kurtas
nan,Anmi Women's Sarees,Anmi Women's Sarees
nan,Women's Sarees,Women's Sarees
nan,Skating,Skating
nan,Badminton,Badminton
nan,Cricket Kits,Cricket Kits
nan,Sports,Sports
nan,Football,Football
nan,Cycles,Cycles MTB BMX
nan,Fitness Equipment,Fitness Equipment
nan,Supports,Supports
nan,Exercise & Fitness,Exercise & Fitness
nan,Dumbbells,Dumbbells
nan,Ab Exercisers,Ab Exercisers
nan,Shakers and Sippers,Shakers and Sippers
nan,Baking Ingredients and Essential Products,Baking Ingredients and Essential Products
nan,Yoga Mats,Yoga Mats
nan,Gym Gloves,Gym Gloves
nan,"Dry Fruit, Nut & Seed","Dry Fruit, Nut & Seed"
nan,Food Products,Food Products
nan,Packaged Sweets,Packaged Sweets
nan,Perfume,Perfume EDP EDT EDC
nan,Breakfast Cereal,Breakfast Cereal
nan,Health Supplements,Health Supplements
nan,Vitamin Supplement,Vitamin Supplement
nan,Protein Supplement,Protein Supplement WPC WPI BCAA WPH
nan,Books,Books
nan,Higher Education and Professional Books,Higher Education and Professional Books
nan,Pens & Stationery,Pens & Stationery
nan,Pens,Pens
nan,Desk Organizers,Desk Organizers
nan,Calculators,Calculators
nan,Key Chains,Key Chains
nan,Automotive Accessories,Automotive Accessories TPMS OBD
nan,Helmets and Riding Gear,Helmets and Riding Gear DOT ECE
nan,Car Media Players,Car Media Players AV DVD MP3 USB HDMI
nan,Car Mobile Holders,Car Mobile Holders
nan,Oils and Lubricants,Oils and Lubricants
nan,Plastic Packaging Bags,Plastic Packaging Bags
nan,Home Medical Supplies,Home Medical Supplies
nan,Musical Instruments,Musical Instruments
nan,Gaming,Gaming
nan,Gaming Accessories,Gaming Accessories RGB FPS DPI USB HDMI
nan,Smart Glasses,Smart Glasses AR VR MR
nan,Kitchen Tools,Kitchen Tools
nan,Gas Stoves,Gas Stoves
nan,Tawas,Tawas
nan,Pans,Pans
nan,Pressure Cookers,Pressure Cookers
nan,Mugs,Mugs
nan,Kitchen Storage & Containers,Kitchen Storage & Containers
nan,Dinner Sets,Dinner Sets
nan,Water Bottles & Flasks,Water Bottles & Flasks
nan,Lunch Boxes,Lunch Boxes
nan,Casseroles,Casseroles
nan,Kitchen Containers,Kitchen Containers
nan,Furniture,Furniture
nan,Beds & More,Beds & More
nan,Wardrobes,Wardrobes
nan,Sofas,Sofas
nan,Mattresses,Mattresses
nan,TV Entertainment Units,TV Entertainment Units
nan,Sofa Beds,Sofa Beds
nan,Coffee Tables,Coffee Tables
nan,Shoe Racks & More,Shoe Racks & More
nan,Office Study Table,Office Study Table
nan,Bean Bags,Bean Bags
nan,Collapsible Wardrobes,Collapsible Wardrobes
nan,Home Furnishing,Home Furnishing
nan,Bedsheets,Bedsheets
nan,Blankets,Blankets
nan,Curtains,Curtains
nan,Cushions & Pillows,Cushions & Pillows
nan,Bath Towels,Bath Towels
nan,Kitchen & Table Linen,Kitchen & Table Linen
nan,Floor Coverings,Floor Coverings
nan,Paintings,Paintings
nan,Clocks,Clocks
nan,Home Decor,Home Decor
nan,Stickers,Stickers
nan,Wall Shelves,Wall Shelves
nan,Showpieces & Figurines,Showpieces & Figurines
nan,Decor lighting & Accessories,Decor lighting & Accessories LED RGB CFL
nan,Utility Lighting,Utility Lighting LED CFL HID
nan,Wall Lamps,Wall Lamps
nan,Ceiling Lamps,Ceiling Lamps
nan,Table Lamps,Table Lamps LED
nan,Automation & Robotics,Automation & Robotics AI PLC CNC SCARA PLC
nan,Smart Door Locks,Smart Door Locks
nan,Tools and Measuring Equipment,Tools and Measuring Equipment
nan,Home Storage and Organization,Home Storage and Organization
nan,Lawn and Gardening,Lawn and Gardening
nan,Bathroom and Kitchen Fittings,Bathroom and Kitchen Fittings
nan,Pet Supplies,Pet Supplies
nan,Fish & Aquatic,Fish & Aquatic
nan,Decoration,Decoration
nan,Fiction Books,Fiction Books
